Date,FCNTX,XLB,XLC,XLE,XLF,XLI,XLK,XLP,XLRE,XLU,XLV,XLY
2018-07-31,0.01938371769455549,0.028586294992403838,-0.02160298792565818,0.015538663327839597,0.051146823154177845,0.07385147927654767,0.020872035830128643,0.03958865432072867,0.010394539470600206,0.015973877384964252,0.06554049461991385,0.018023963080505245
2018-08-31,0.04508647350869799,-0.007701060565012852,0.014857620695270857,-0.03475132517456958,0.013595740066798756,0.00234002517964349,0.06598947829644741,0.003920129037062514,0.024205652589344373,0.01288116251151572,0.04329261935172002,0.05104670419637891
2018-09-30,0.0014215650436082417,-0.017954421182943547,-0.0009634913358146369,0.02445995472548379,-0.022154726420266058,0.02177375491336142,-0.00019228970545592805,0.009871991707764094,-0.02646085217457128,-0.006483326908614084,0.029541976851224838,0.005304283287036471
2018-10-31,-0.09723215145816122,-0.09183476557404113,-0.06040801811661889,-0.11328239021593267,-0.04713539681513479,-0.10867363671180374,-0.08004765258525293,0.020025695859404502,-0.015946018687663766,0.01975285384578984,-0.0677877467608261,-0.10100643324838354
2018-11-30,0.00707545722574765,0.03801515221481999,-0.022371848169803865,-0.015634418927101934,0.026255604588363735,0.038065419236919196,-0.019625152356879227,0.022723374607469538,0.054845627155840404,0.035388381643881583,0.08083419637977052,0.024767457830272344
2018-12-31,-0.08040458655429572,-0.06887693961399133,-0.07988446735283017,-0.12439171899757939,-0.11128964153074394,-0.1065902092636204,-0.08376484771526105,-0.08914537029047243,-0.07344357284600822,-0.03994433240102824,-0.09353624835590135,-0.07956239407773458
2019-01-31,0.09445947754644624,0.05601743622291577,0.11749032260700587,0.11211856357888617,0.08900100114548803,0.11426778712988384,0.0693772696811128,0.05139812550129075,0.10741956289368781,0.034769450262408075,0.04808680758453221,0.0986769982751512
2019-02-28,0.02396019409451089,0.03186506008970369,-0.004552044861952043,0.023047913582550095,0.022359046583846354,0.06367568247949551,0.06910088843462447,0.01779379818844773,0.011069136099267851,0.041088025989893806,0.010808558578456084,0.013145821945756975
2019-03-31,0.02207665271029091,0.012529319075839762,0.02030687367870887,0.021280976302423094,-0.025593667370750195,-0.01149497005883604,0.04768680730589292,0.03822978003276156,0.049481777101263225,0.027914638122853885,0.0048189055759559896,0.03655254404981201
2019-04-30,0.04880022110924731,0.03513518307267827,0.07055794200939136,-0.00015141782399741288,0.08984849425623032,0.03971746217255001,0.06364834868847691,0.028515224005311035,-0.005245305463459804,0.009283181045633748,-0.027138858429641588,0.054633560901766964
2019-05-31,-0.05720822244206947,-0.0818104409616266,-0.0595167297252055,-0.11102670970067963,-0.07173486993540767,-0.07640005002195349,-0.08664695438161807,-0.03638871840185509,0.012211779759538244,-0.007835005033161369,-0.02218247029352105,-0.07603903178598803
2019-06-30,0.0663430943853276,0.11563723194174091,0.0477400618279995,0.09395132517148386,0.06653687995257274,0.07920435730793529,0.08938250485930821,0.052195453776261,0.016223658544884723,0.03186276391689402,0.06594023994622766,0.07815901027387362
2019-07-31,0.009104617866617204,-0.0027348333575828443,0.03169411524014465,-0.015853233510225273,0.02355095433152532,0.00516650222084758,0.03498237381485381,0.023420154500073842,0.01740526537368492,-0.0013415406250297801,-0.016191676752005058,0.012752066366135795
2019-08-31,-0.018045057876681425,-0.028282464246574213,-0.0246159942810088,-0.0832535458047533,-0.0470797132402021,-0.026471291727906965,-0.015352189881655987,0.021706062111764624,0.04811587329173417,0.0508818215686353,-0.005924854916115052,-0.009443539817236002
2019-09-30,-0.015314257339995141,0.03179771207999549,0.002129929240294981,0.03934319918907958,0.04542162338661693,0.03011372737465967,0.015728461113286407,0.017512535440812327,0.010031759751095048,0.042516243115421126,-0.0010558714748432063,0.012714329983560146
2019-10-31,0.027993879124426524,-0.00017204131885384388,0.022213511850287748,-0.02094597384936403,0.024999928291888684,0.011336134322927682,0.03899163448407261,-0.004232981138666436,-0.0002539309687463742,-0.0075687215963605725,0.05125926581981055,0.0012429889157472562
2019-11-30,0.04311678387821338,0.031792420513296005,0.038324793808360624,0.0160455255182117,0.05052252290953785,0.044962263083009546,0.05366300075942365,0.013734469822590967,-0.01728975960094259,-0.018677002775148166,0.05002641856816803,0.01323944962278234
2019-12-31,0.028763722801534053,0.02862406498363712,0.022578134173586895,0.06026216419876973,0.02609277615506911,-0.0020111650686921445,0.043206513138067004,0.024127252369127827,0.011407009840652682,0.03290535763697644,0.03475309570621521,0.027631683327239198
2020-01-31,0.021152661680598372,-0.06170606553926394,0.005220930016800018,-0.10992681708545848,-0.02664076794699466,-0.004418985678456333,0.039925834319928466,0.0031757215968106767,0.014481595294778549,0.0674716407339957,-0.026703515005671363,-0.0007971514674133262
2020-02-29,-0.059435325943725914,-0.08519867601546138,-0.0584307988184235,-0.15288146219271503,-0.11248335405261511,-0.0990013176587261,-0.0730095236726035,-0.08214624980652929,-0.062197671245016406,-0.09857939437062968,-0.06586628123994498,-0.075726155194063
2020-03-31,-0.10091739121885646,-0.1399671543867923,-0.1259919765307378,-0.3437096478809456,-0.21035935385878157,-0.1862594391694875,-0.08577944147048022,-0.05532054961830146,-0.1510657461939121,-0.0999561050939245,-0.03887373322236465,-0.14913351091259863
2020-04-30,0.14540809637946972,0.15186490003740238,0.13652802402917197,0.3076390659198551,0.094620638127634,0.08812047365237108,0.1373649220883688,0.06957909317603916,0.09419373567779643,0.033387293426367926,0.1258748072438356,0.18882551379297374
2020-05-31,0.06458792639984523,0.06881293617857143,0.07438326631496928,0.020000143212972832,0.02720486034111702,0.053886168806500656,0.07176419628597541,0.01664978818385876,0.021521108100408082,0.042437936159193335,0.03288873148766247,0.06509438042298843
2020-06-30,0.04044634440872108,0.021814570369562913,0.002391646582572182,-0.010955436700526344,-0.005227806452698824,0.01972814558126945,0.06949044526024584,-0.002246252865118481,0.01234987730052528,-0.04672259399750023,-0.024425598415238614,0.03073878210182479
2020-07-31,0.07171591012376943,0.07116203192799864,0.07568503215288813,-0.04808444041954196,0.03846132271506031,0.044104648359044596,0.05684747955476732,0.06923612015034708,0.041654412443754785,0.07797280531488648,0.05456160932225318,0.07274279967695452
2020-08-31,0.0963100731043427,0.043572068180638635,0.08825029736661238,-0.010546918349584988,0.04286291895801564,0.08476225586558428,0.1188084671334706,0.04593301655077564,-0.00027584554909532155,-0.02597392355597994,0.025869771834248656,0.09554769243492278
2020-09-30,-0.04848820970374401,0.015076102579258066,-0.05903161504914911,-0.14606619214569116,-0.03422196129671673,-0.00682178052666127,-0.05335106894659236,-0.016747923818890675,-0.02117788078910865,0.010813092050752315,-0.021804843290859965,-0.01863400259607506
2020-10-31,-0.03177449356704165,-0.007228057893204909,-0.003367117006548903,-0.041068562409503184,-0.008724747126171994,-0.014419264496012829,-0.05004284203018572,-0.028705015727466643,-0.03175504389695549,0.050522213079325695,-0.03621530375874038,-0.027282600358410458
2020-11-30,0.08359116038596559,0.12361554604478298,0.104729924108939,0.2799443407330122,0.16848292891467742,0.16027386920345954,0.11383727349496531,0.07468672773531115,0.06881407601153167,0.00737400009721445,0.0794806770690355,0.09995087308364714
2020-12-31,0.030995751318527498,0.024815933140106328,0.03345176714673315,0.04480130195383114,0.06306021898405834,0.010068449662723022,0.05541650043711388,0.016510176598954596,0.0146190636931387,0.0062041993716108745,0.037978092526918195,0.024278513564882864
2021-01-31,-0.0107399007780965,-0.02417457307292692,-0.0088913106085583,0.03746697557762868,-0.017978190455116283,-0.04268775896742005,-0.008383492406407789,-0.04981456579668342,0.0054705531629974935,-0.008771801028817139,0.01401608066588289,0.0076501182860395645
2021-02-28,0.01574291347836887,0.041194735409983974,0.0701258061842176,0.22456766654103166,0.11606227939200986,0.06889206924168167,0.013651039994842407,-0.01232641632297471,0.01577766580022022,-0.06098155759595536,-0.02103782725755543,-0.005308211102667881
2021-03-31,0.020656031684414655,0.07590387381538011,0.02626132712112228,0.02970986520759089,0.05852400460187046,0.08986884211359558,0.018366466443671348,0.08498212903742819,0.06813908389988099,0.10552063124544353,0.04027330596667911,0.04459841361913375
2021-04-30,0.07023800291535287,0.05380715423249938,0.06451193786086895,0.0067265362452020305,0.06490449121476738,0.035347949335906126,0.05187872490948586,0.018591891495617352,0.08305916811615255,0.041848835823111274,0.039318000724039015,0.0645560739077784
2021-05-31,0.0022248351997840032,0.05081934712001046,0.009480891185773999,0.05709651551846551,0.047711196276557954,0.031296009124913926,-0.009305713027384033,0.017677394475539288,0.011456261063992335,-0.02338107181349436,0.018709517376348073,-0.03398137489276465
2021-06-30,0.04106532050926193,-0.05263225563887808,0.029515758480287202,0.042339513072753965,-0.030394010695847906,-0.0227948124404308,0.06886349678864812,-0.005444231705993174,0.03136501345964926,-0.022082800623590804,0.022989365597982925,0.03456825278463049
2021-07-31,0.021322182682478763,0.020774986449128896,0.01766116155771824,-0.08316318347584906,-0.0046333787833807705,0.009374813437901253,0.03887288880944939,0.02200948404144265,0.04624398231564464,0.04333357657772652,0.04922573578245126,0.010529572873165582
2021-08-31,0.04540711243274198,0.018924041555235194,0.03907756472251611,-0.020044610890533665,0.05147877443661364,0.011126358188979113,0.03559329043785042,0.010487598095853423,0.028029348561272815,0.038957070563276464,0.023156122772246546,0.017846259230012818
2021-09-30,-0.059910212245893435,-0.07188565024172466,-0.06275353009136708,0.0893150901199713,-0.01842497768265572,-0.060798033193335765,-0.05839955278717768,-0.041391416493950284,-0.06252058116390902,-0.06093224277306797,-0.0551844839882395,-0.02140796303477277
2021-10-31,0.0695698523570416,0.07596990408078685,0.0023716643104338964,0.10328280616921659,0.07274163125115596,0.0679678800813337,0.08177061474765801,0.03500883237155117,0.07581540693874489,0.04743267141426655,0.05121767779605357,0.12092519499151222
2021-11-30,-0.0009930785553793342,-0.0055214974126766014,-0.06139444736481703,-0.050113170565871834,-0.05712865296615066,-0.03560133014090705,0.04451216930221169,-0.01347373717099798,-0.008991995558088828,-0.017037921028577485,-0.030563643392352624,0.016355747130801124
2021-12-31,0.013777850078796616,0.07583198693442283,0.03276880638135915,0.029833845604258835,0.03364311304906398,0.05397626122687993,0.032473550559393605,0.10454720443245535,0.10263152672020848,0.09689309787004574,0.09019869717770312,0.0014976702172675438
2022-01-31,-0.08208946389388694,-0.06798377780545173,-0.048017567967562735,0.18774791647824607,0.0002556360437711014,-0.047916035636261345,-0.06844207134848368,-0.014784256734738044,-0.08627689203122313,-0.03255119087429592,-0.0685643068430718,-0.09533367848250829
2022-02-28,-0.048706495569411756,-0.012670239435610298,-0.07437469493606907,0.07069150679467873,-0.013824331306066973,-0.008437827582252866,-0.04877430053382659,-0.014084404406793372,-0.0479506133788421,-0.019061491189157564,-0.009677594648324295,-0.04065964414951306
2022-03-31,0.032776877892786827,0.06118950075362184,0.007375349001683684,0.09338624838433329,-0.0013000626135071247,0.03436387814618724,0.033449850968955586,0.017813067766849544,0.0782510933750118,0.10345251819449297,0.057381468371171085,0.04426663763081029
2022-04-30,-0.11556889250802582,-0.03539474880999305,-0.14132025798615622,-0.016876314480447463,-0.09942590508534,-0.07613129486634107,-0.11017442045118897,0.023059817550242334,-0.03559632387659095,-0.0429759411390116,-0.04890867309363356,-0.11956736666837586
2022-05-31,-0.012863945030674229,0.01176055281100541,0.01896398601256366,0.16034608031565822,0.027818268119900846,-0.004624680784595103,-0.006858724179816367,-0.040829173873907054,-0.05107294441722898,0.043081542139639106,0.014890166899836021,-0.051203730360347754
2022-06-30,-0.08779136646190566,-0.13856276814878343,-0.09602267608758053,-0.17073466407273907,-0.10860880311295407,-0.07367010613283809,-0.0925572438709017,-0.02347257206764275,-0.06854699527809249,-0.04895453813334649,-0.026080561793122792,-0.10833493037005437
2022-07-31,0.09097728604026645,0.0615487463573805,0.03869535857215145,0.09662992992604535,0.07185988646015806,0.09503101647125223,0.1345186531209681,0.032003251051742954,0.08516894336894065,0.05447046089382024,0.03243925226487776,0.18439051311433396
2022-08-31,-0.03997235356850559,-0.034813478746906656,-0.035302506465133665,0.026523667344874102,-0.01957873380595998,-0.028335537606106187,-0.062127242056766896,-0.01852586809565393,-0.05615719958714205,0.005273711302377526,-0.05770416850403459,-0.044954822109596226
2022-09-30,-0.08183769859050827,-0.09302939996977444,-0.11748358155434246,-0.0955871940714168,-0.07655939239607068,-0.10430922219249783,-0.11967135353485536,-0.081328442100144,-0.13171331230262573,-0.11280979625613019,-0.02538667403457273,-0.08206389716724882
2022-10-31,0.04691152698114176,0.08925154125977519,0.006682012557196471,0.24965275550302635,0.11923567688248404,0.13894267512813063,0.0765281863803271,0.09006437705433301,0.01999467697812518,0.019386124567353447,0.09611107181180767,0.01109177763581326
2022-11-30,0.0522779434864844,0.11703569226103383,0.06845063759448244,0.012777942879969695,0.06856993715031434,0.07811339361898262,0.06326721017500025,0.06117671752459186,0.06833661916645317,0.06963170490074555,0.04723171399069215,0.014857915705175584
2022-12-31,-0.05779463045468802,-0.05518778582555428,-0.0660427064509721,-0.030489405526991642,-0.052204688845132186,-0.029898166105394863,-0.08210257731530346,-0.027275527491144258,-0.048182890812630275,-0.004944020151479656,-0.018777170748662808,-0.11394954280453196
2023-01-31,0.0727874815091174,0.08972740603209095,0.14773913096071456,0.0281238797230825,0.06900585100194045,0.03706330213253173,0.0925746090529389,-0.01086520866837215,0.09910643927856211,-0.020000094497793275,-0.01832882286603743,0.1512850853710519
2023-02-28,-0.01840266389577838,-0.03331363960358391,-0.028685534139002322,-0.0693870143849411,-0.022975782519939925,-0.008640049790519466,0.004118974065254077,-0.023189762578824324,-0.05863538034394966,-0.05919822496435623,-0.046415849438563694,-0.021250696959477233
2023-03-31,0.05896412248697791,-0.010010587109923308,0.08651417342848178,5.289361519533742e-05,-0.09547697563400515,0.006191048504216035,0.10857993944721156,0.042192976654983116,-0.014760005325377579,0.049060421133796606,0.0219780416198192,0.03061919531447832
2023-04-30,0.03235516429155494,-0.0013639814420026708,0.03329295816806366,0.027767679244562693,0.03172624571567573,-0.011662310876223714,-0.001192037216212527,0.03654166996580677,0.009898022536377171,0.01905749407987911,0.03143807812263133,-0.011234430707044885
2023-05-31,0.025510241075332507,-0.06865282704169384,0.03906508791445362,-0.10031705100018695,-0.042508388729918356,-0.03149998945418464,0.08917333751858703,-0.06159626472338431,-0.04529773904512335,-0.05871271099301467,-0.04268694219712754,0.025361807856229213
2023-06-30,0.06041224414574908,0.110056412944187,0.04732810139188559,0.06913373643364618,0.06616053093468999,0.11253641852456164,0.06053192079891545,0.027881887770889957,0.05583909843551349,0.015961363557718045,0.04260623392180296,0.12229798038122497
2023-07-31,0.04155490596446665,0.03439123760818785,0.05700655472546412,0.07773802194279211,0.04805722927433376,0.028885562421356648,0.025825229666143867,0.0213025133481215,0.01326630099943582,0.024908203912245908,0.010698415239033254,0.023143532593333127
2023-08-31,-0.009652394398342312,-0.033014509470990605,-0.015409032187965854,0.01646100908393433,-0.02688954850804559,-0.019833372529102222,-0.015082592549393259,-0.039471930177297665,-0.030636201936703356,-0.061279475340167755,-0.007006833700950232,-0.01743995634418638
2023-09-30,-0.031839053348894586,-0.0477902614385487,-0.029476269294448132,0.024032872496221547,-0.030882189823123074,-0.05947526565177319,-0.06478346742198071,-0.04787909156991055,-0.07234936520599,-0.056424187056100306,-0.029592068687420703,-0.05532014739603608
2023-10-31,-0.009395711800878725,-0.03169967659752371,-0.012963267880314433,-0.05752830114800511,-0.02441961429182604,-0.02978891663847638,0.000487920088857674,-0.013805994830922597,-0.0284706981366164,0.012896721739004802,-0.03262391632651751,-0.05516216019240583
2023-11-30,0.08197821043998532,0.08348683784876876,0.07802835916071449,-0.007160642790112637,0.10939441372518144,0.08834909359839949,0.12895561504738318,0.04126134575880802,0.12477345831268938,0.051432420934687695,0.054360181848473355,0.10966472592560605
2023-12-31,0.040031343761889326,0.04523365746906638,0.043979527220705084,0.0007717605640367164,0.05253875809567243,0.07065538515341574,0.041827051747056254,0.027116502193624603,0.08745956308658154,0.018588176033606407,0.04326107100971521,0.061321560016942556
2024-01-31,0.04847726501112759,-0.038928949208051455,0.04431613247965194,-0.005128651257164107,0.03085140507627293,-0.009650008631076568,0.027015578901347093,0.012355997683442865,-0.04817782056918374,-0.02968581207142884,0.02932968155014226,-0.04412491460346091
2024-02-29,0.09384828285754798,0.06507687808710005,0.04586171204335754,0.03272990599512626,0.04076337896875892,0.0718397702416933,0.04704583842602528,0.020981898279304856,0.02570135573847887,0.010577656146512737,0.03162833385984287,0.07892584834780592
2024-03-31,0.028741727598498024,0.06468346834353511,0.03176693177413914,0.10486384491892431,0.04805618494226582,0.044208956168596325,0.007894175442678453,0.03320582201773825,0.017620461662834153,0.06589995130525805,0.023777569072994664,-0.0006476077928690982
2024-04-30,-0.046389137533001334,-0.04586050157265986,-0.04653464231910287,-0.009427095594104595,-0.04178528034715301,-0.03524937232823866,-0.05761750154469314,-0.011262444676239602,-0.08449286715762316,0.01660319771625418,-0.05009133198646609,-0.0449726651544331
2024-05-31,0.06909915012328405,0.03272014781334165,0.06935538625922533,-0.003421695711398942,0.03171453843049776,0.016376089845632658,0.07076979971051145,0.024370976813139267,0.0513954139858277,0.08960143389022446,0.02401487663280122,0.001992954966741456
2024-06-30,0.04446745301119659,-0.030583480898471405,0.03154575769838219,-0.01414182425757482,-0.008818922898906623,-0.009888610322093982,0.0783540455872267,-0.0023512112749346503,0.019716930570983005,-0.05542617792359161,0.018240078166385176,0.03877013894336878
2024-07-31,-0.014851641119713155,0.04336995488035322,0.0015175485534573152,0.022600122116767096,0.06397446112742733,0.049150667391044456,-0.03284276640407424,0.016584233692462647,0.07237679922794316,0.06824192918837446,0.026620977285297442,0.02790575443614607
2024-08-31,0.03919606109999596,0.023225539776741355,0.01783413832083025,-0.020705886480193114,0.04572471418839674,0.028156010993547476,0.006992687750708715,0.05985859201134258,0.05729556275944203,0.04808338467880824,0.050591191139214065,-0.0019733972418711776
2024-09-30,0.020793101563243432,0.026836834507453222,0.038414781022618305,-0.03018103263986105,-0.005588836200046909,0.033620292123458295,0.026485463792291553,0.011284145263951384,0.03290721707127231,0.06602968280143573,-0.01657460624610052,0.0730195661806965
2024-10-31,-0.0033158864839445412,-0.03102301425114473,0.01814167273013889,0.008997691268236352,0.025595798912769974,-0.011887320195647977,-0.015591785518244139,-0.03469869829330108,-0.032908006372223464,-0.010769924725719693,-0.046422524294539524,-0.017367873580570237
2024-11-30,0.04895413418039274,0.014883861631401096,0.06910025699958,0.07833833226984677,0.10456114504578107,0.07591742335075491,0.051700834006068286,0.03869194013776034,0.041666552417782166,0.03779227591122991,0.003676831873588693,0.1290569594945914
2024-12-31,-0.009203351350551503,-0.1076303183241819,-0.013600983405274158,-0.09579576913590704,-0.05461420004582751,-0.08033210820430159,-0.0035468320036757817,-0.04822790538911259,-0.08650264627297943,-0.07974093575630259,-0.06252718223829534,0.011134270476838681
2025-01-31,0.054208211206865586,0.05526489692481551,0.057535494781783214,0.02311466697304243,0.06496998869538406,0.0500153540392958,-0.007354306544440803,0.004706794593105856,0.01844116914102978,0.028933925747924416,0.06760178896273072,0.034856301461859696
2025-02-28,-0.01809700303124251,-0.0003377433771675209,-0.0037117278726901404,0.038338650232902616,0.013794506203838708,-0.014600704458210267,-0.022875902081677668,0.051911904753475735,0.04176720721480143,0.01720570645387065,0.01402592921178969,-0.06981947037903047
2025-03-31,-0.07314817332580836,-0.026702906062743836,-0.051613219662043575,0.03493229776560147,-0.0419524833942182,-0.03562975495236709,-0.08286027153388587,-0.011764531666904499,-0.023919773681449708,0.002393932741138416,-0.01581332597572882,-0.08314729373699359
2025-04-30,0.007992079169981237,-0.024307997518203228,-0.01047170397250985,-0.13857684681435067,-0.021080137053352876,0.0011446715669014562,0.01690241238158352,0.0019591877879792108,-0.013142127662024161,0.0006342546755979672,-0.03794255020842896,-0.0010129391221319617
2025-05-31,0.08275520425071647,0.02920486961946489,0.062447725636788576,0.01279515365542272,0.04511894516801074,0.08840118150647402,0.09972845040763945,0.012220422083228488,0.01041183574949689,0.03827635229544479,-0.055741523265050996,0.08384876550338372
2025-06-30,0.06773446644541559,0.0222066103719456,0.07291317231889627,0.04869265299124681,0.031190753570755847,0.036052244948779455,0.09847857853931608,-0.015749879283609047,0.0015498821591117817,0.003747198219211878,0.02106059112457226,0.018672116893437174
2025-07-31,0.03171882148847338,-0.0009110588466160197,-0.010319576278836506,0.028298602346806145,0.0,0.03043645336052858,0.037554977932416245,-0.014696812865391595,-0.00024143705487145173,0.04910596944882495,-0.032346698257735285,0.01886524193040562
2025-08-31,0.0024926895051571307,0.05186357825100085,0.03705412581126,0.03646367217332469,0.03093375383128194,0.0,-0.001103858818292447,0.01253451140711559,0.02173390978298384,-0.01575813562508821,0.053668759445464564,0.04656102670699025
2025-09-30,0.026108615622928877,-0.024216466872724385,0.06636892274314077,-0.003181926468544871,0.001061945220389715,0.01879598642431657,0.0753370384617229,-0.02317665521506007,0.0033456983341109137,0.04123615623384169,0.0172920832976593,0.035913827827896316
2025-10-31,0.010096970126313831,-0.04407510793741265,-0.0300751864980775,-0.013543803732409154,-0.02784483620536493,0.005381763265458028,0.06677088712358614,-0.02666842172962658,-0.02919524037536747,0.021671959781921712,0.03650211281320015,0.0012100420198952744
2025-11-30,-0.0007997471354842522,0.043539298082926114,0.005051830168303795,0.026324723739405975,0.018331145945227556,-0.008835431222810053,-0.04809096300162319,0.04050870619388225,0.018826345547655388,0.01717153106925373,0.09289418846158481,-0.014462431827044764
2025-12-31,0.016717876687442512,0.01977837405963112,0.02349517464145845,-0.0029601424852149227,0.030591051005186998,0.012761400186174665,0.007535208460061504,-0.013440868445252052,-0.021094834586517508,-0.05086988403018167,-0.01389655912158505,0.01198209185710919
2026-01-31,0.019341616981447096,0.0864389234836409,0.020047530439336825,0.14180267124604162,-0.024283393181876778,0.06652925450298652,-0.0006251258468635834,0.0750515055229537,0.026765862314048094,0.013117816508749991,-0.00038749695131812256,0.014739104964908156
2026-02-28,-0.009988077805279438,0.08402669810523244,-0.016905359747648063,0.09539662117772352,-0.03761223419671189,0.07072034533320104,-0.0355851727914529,0.07783497157909469,0.058170499479733184,0.10358373958088807,0.03528487673908365,-0.03556979597334464
2026-03-31,-0.062091523128550485,-0.06024669441635233,-0.057909676830292245,0.10265131714332343,-0.03511994039863031,-0.08442790370397124,-0.04104041764502553,-0.0840857587913042,-0.0623988987386519,-0.031828271244881745,-0.08106923590520765,-0.0655577555240816
2026-04-30,0.10104536997746738,0.03001803975211592,0.05096519082637774,-0.026281367537372535,0.055904385121328115,0.0794535079574421,0.2001505083136912,0.028421598233837386,0.0874357215373267,0.020919572621683313,-0.004228835856548874,0.08597896402760563
2026-05-31,0.03718348897061352,-0.006217232685375773,-0.007038021639308112,-0.05632858994247014,-0.010550531259105655,-0.008305657326360238,0.19761759576493865,-0.016605326306654233,-0.009234315747577382,-0.0518676713516526,0.02383722927591725,0.021292898047308384
2026-06-30,0.022120516357551745,-0.00254039831935593,-0.07158183209194802,-0.04968887718869641,0.04299718716533496,0.07252191983691092,-0.0014282736856787714,0.00888173253289426,0.009680118121523362,0.027229182134643537,0.06616528769780827,-0.02776789664575363
2026-07-31,-0.032462647636261166,-0.00786934906745762,0.010361243809401177,0.12125777653084668,0.062115207550311746,-0.029098940710078236,-0.07962416303267528,0.023835329726051846,0.023620249667630766,-0.02183508854631888,0.024517828651209994,-0.010146663831071212
2026-08-31,0.035480141360056505,0.04481455523341071,0.02974874738598965,0.07405541526003301,0.013523005965239143,-0.02618993070086162,0.06358705259112751,-0.0008230369440200835,-0.021300145584609242,-0.04780151567979274,0.04915408232476737,0.004307004764432909
